{
  "arcface": {
    "mean_curvatures_median": -8.067720077037655e-05,
    "mean_curvatures_mean": 9.127770742998358e-05,
    "mean_curvatures_std": 0.0895973055584059,
    "mean_curvatures_q25": -0.004333897450380481,
    "mean_curvatures_q75": 0.003667239313150624,
    "gaussian_curvatures_median": 0.20020321210627312,
    "gaussian_curvatures_mean": 0.5186277863265155,
    "gaussian_curvatures_std": 3.1743179528089964,
    "gaussian_curvatures_q25": 0.057734305919722353,
    "gaussian_curvatures_q75": 0.5898018858040668,
    "encoder": "arcface",
    "n_samples": 1400
  },
  "siglip": {
    "mean_curvatures_median": 0.00016146776638412878,
    "mean_curvatures_mean": 0.0002595034258564155,
    "mean_curvatures_std": 0.0032638321709901733,
    "mean_curvatures_q25": -0.001028649231448788,
    "mean_curvatures_q75": 0.0013721471580240645,
    "gaussian_curvatures_median": 0.009139739551499774,
    "gaussian_curvatures_mean": 0.012267584110553443,
    "gaussian_curvatures_std": 0.03848525377078297,
    "gaussian_curvatures_q25": 0.007327466143523304,
    "gaussian_curvatures_q75": 0.012370938658424993,
    "encoder": "siglip",
    "n_samples": 1400
  },
  "dinov2": {
    "mean_curvatures_median": -5.152938075017107e-06,
    "mean_curvatures_mean": 5.297263508667174e-06,
    "mean_curvatures_std": 0.00032951072133698676,
    "mean_curvatures_q25": -0.0001889251441326392,
    "mean_curvatures_q75": 0.00018748121749805562,
    "gaussian_curvatures_median": 0.00026583985844222066,
    "gaussian_curvatures_mean": 0.00032712552937842456,
    "gaussian_curvatures_std": 0.0001975030702969619,
    "gaussian_curvatures_q25": 0.00020671097463270866,
    "gaussian_curvatures_q75": 0.00038810472536020805,
    "encoder": "dinov2",
    "n_samples": 1400
  },
  "clip": {
    "mean_curvatures_median": 8.363448650620784e-05,
    "mean_curvatures_mean": 4.128894106723759e-06,
    "mean_curvatures_std": 0.0016106534337501117,
    "mean_curvatures_q25": -0.0008355451141946871,
    "mean_curvatures_q75": 0.0009538507918579087,
    "gaussian_curvatures_median": 0.007916524638884244,
    "gaussian_curvatures_mean": 0.009264230830913966,
    "gaussian_curvatures_std": 0.004939033530620091,
    "gaussian_curvatures_q25": 0.006020413356637696,
    "gaussian_curvatures_q75": 0.01068290541428319,
    "encoder": "clip",
    "n_samples": 1400
  },
  "wavlm": {
    "mean_curvatures_median": -0.00013252211511196162,
    "mean_curvatures_mean": -8.465108764524714e-05,
    "mean_curvatures_std": 0.004190747124520136,
    "mean_curvatures_q25": -0.0017560429714602644,
    "mean_curvatures_q75": 0.0016372018946187582,
    "gaussian_curvatures_median": 0.07595762768765446,
    "gaussian_curvatures_mean": 0.08309310634235917,
    "gaussian_curvatures_std": 0.17766742243289563,
    "gaussian_curvatures_q25": 0.06509056478908955,
    "gaussian_curvatures_q75": 0.08672295019775861,
    "encoder": "wavlm",
    "n_samples": 1400
  },
  "hubert": {
    "mean_curvatures_median": -2.3597829525210157e-05,
    "mean_curvatures_mean": 0.00017338638119956747,
    "mean_curvatures_std": 0.004717441139609466,
    "mean_curvatures_q25": -0.0021185558721879276,
    "mean_curvatures_q75": 0.0023538011494254212,
    "gaussian_curvatures_median": 0.08652458706728211,
    "gaussian_curvatures_mean": 0.09203485976050171,
    "gaussian_curvatures_std": 0.04455801205084523,
    "gaussian_curvatures_q25": 0.07064707134715231,
    "gaussian_curvatures_q75": 0.10483421386587538,
    "encoder": "hubert",
    "n_samples": 1400
  },
  "wav2vec2": {
    "mean_curvatures_median": -0.00019798734071540587,
    "mean_curvatures_mean": -0.0003263944734768495,
    "mean_curvatures_std": 0.005500180903220977,
    "mean_curvatures_q25": -0.0021571419345697037,
    "mean_curvatures_q75": 0.0017274426213537198,
    "gaussian_curvatures_median": 0.028891637860721183,
    "gaussian_curvatures_mean": 0.059275268243437214,
    "gaussian_curvatures_std": 0.5410500745383214,
    "gaussian_curvatures_q25": 0.02203725399857147,
    "gaussian_curvatures_q75": 0.038720021426825825,
    "encoder": "wav2vec2",
    "n_samples": 1400
  }
}