{
  "arcface": {
    "mean_curvatures_median": 0.0,
    "mean_curvatures_mean": -0.0005739416483500312,
    "mean_curvatures_std": 0.04468357069320605,
    "mean_curvatures_q25": -0.0009875656295335157,
    "mean_curvatures_q75": 0.0006358539698319745,
    "gaussian_curvatures_median": 0.01950382011010427,
    "gaussian_curvatures_mean": 0.32766273095222187,
    "gaussian_curvatures_std": 0.9830499563203157,
    "gaussian_curvatures_q25": 0.0005796092753132129,
    "gaussian_curvatures_q75": 0.13773934087392825,
    "encoder": "arcface",
    "n_samples": 10065
  },
  "siglip": {
    "mean_curvatures_median": 0.0,
    "mean_curvatures_mean": 0.0019320695012180673,
    "mean_curvatures_std": 0.07840340282568813,
    "mean_curvatures_q25": -0.0005939604415503959,
    "mean_curvatures_q75": 0.000738904941550794,
    "gaussian_curvatures_median": 0.0058543877379547,
    "gaussian_curvatures_mean": 0.4297010787137789,
    "gaussian_curvatures_std": 3.0699632473921943,
    "gaussian_curvatures_q25": 0.004423786738724123,
    "gaussian_curvatures_q75": 0.007782499063034533,
    "encoder": "siglip",
    "n_samples": 10065
  },
  "dinov2": {
    "mean_curvatures_median": 0.0,
    "mean_curvatures_mean": -0.00045388956378690243,
    "mean_curvatures_std": 0.015106348565503717,
    "mean_curvatures_q25": -0.00011552752585756415,
    "mean_curvatures_q75": 0.00012617885410107986,
    "gaussian_curvatures_median": 0.0001845096849386647,
    "gaussian_curvatures_mean": 0.0804989307685564,
    "gaussian_curvatures_std": 1.0960867355438213,
    "gaussian_curvatures_q25": 0.00013590226944914252,
    "gaussian_curvatures_q75": 0.00026252422998078787,
    "encoder": "dinov2",
    "n_samples": 10065
  },
  "clip": {
    "mean_curvatures_median": 0.0,
    "mean_curvatures_mean": -0.001528484578651272,
    "mean_curvatures_std": 0.056213806625379774,
    "mean_curvatures_q25": -0.0006239215924023393,
    "mean_curvatures_q75": 0.0005937563510197964,
    "gaussian_curvatures_median": 0.004726546496654835,
    "gaussian_curvatures_mean": 0.42715438401154404,
    "gaussian_curvatures_std": 4.582171229540947,
    "gaussian_curvatures_q25": 0.0037982764486179533,
    "gaussian_curvatures_q75": 0.007004823282703386,
    "encoder": "clip",
    "n_samples": 10065
  },
  "wavlm": {
    "mean_curvatures_median": 3.7033399954298124e-05,
    "mean_curvatures_mean": 8.830513204409394e-05,
    "mean_curvatures_std": 0.002355115754712467,
    "mean_curvatures_q25": -0.0014535422836568022,
    "mean_curvatures_q75": 0.0016635571811094154,
    "gaussian_curvatures_median": 0.07977098360051628,
    "gaussian_curvatures_mean": 0.08206137008259572,
    "gaussian_curvatures_std": 0.015537815171729268,
    "gaussian_curvatures_q25": 0.07165419121488399,
    "gaussian_curvatures_q75": 0.09037834600062464,
    "encoder": "wavlm",
    "n_samples": 10065
  },
  "hubert": {
    "mean_curvatures_median": -0.00014458509561280248,
    "mean_curvatures_mean": -5.4565715928498726e-05,
    "mean_curvatures_std": 0.002692400131114458,
    "mean_curvatures_q25": -0.0017774137745320052,
    "mean_curvatures_q75": 0.0015787102819233532,
    "gaussian_curvatures_median": 0.08077470456561084,
    "gaussian_curvatures_mean": 0.08279521858211746,
    "gaussian_curvatures_std": 0.015907690957564585,
    "gaussian_curvatures_q25": 0.07197555499199602,
    "gaussian_curvatures_q75": 0.09202333619287706,
    "encoder": "hubert",
    "n_samples": 10065
  },
  "wav2vec2": {
    "mean_curvatures_median": 4.6957390852003836e-05,
    "mean_curvatures_mean": 0.00039021266787883413,
    "mean_curvatures_std": 0.013592641700503384,
    "mean_curvatures_q25": -0.0022869189767347866,
    "mean_curvatures_q75": 0.0022607356444941805,
    "gaussian_curvatures_median": 0.040899951564296017,
    "gaussian_curvatures_mean": 0.122808068176832,
    "gaussian_curvatures_std": 1.218589667819776,
    "gaussian_curvatures_q25": 0.03402368708795635,
    "gaussian_curvatures_q75": 0.05369667613291965,
    "encoder": "wav2vec2",
    "n_samples": 10065
  }
}